<?xml version="1.0" encoding="UTF-8"?>
<beans xmlns="http://www.springframework.org/schema/beans" 
    xmlns:xsi="http://www.w3.org/2001/XMLSchema-instance" 
    xmlns:p="http://www.springframework.org/schema/p" 
    xmlns:context="http://www.springframework.org/schema/context" 
    xsi:schemaLocation="http://www.springframework.org/schema/beans 
http://www.springframework.org/schema/beans/spring-beans-4.2.xsd 
http://www.springframework.org/schema/context 
http://www.springframework.org/schema/context/spring-context-4.2.xsd">
	
	<!-- <context:component-scan base-package="com.sg.digitalsignage" /> -->
	
	<bean id="dataSource" class="org.apache.commons.dbcp2.BasicDataSource"> 
        <property name="driverClassName"  value="org.sqlite.JDBC"></property> 
        <property name="url" value="jdbc:sqlite:C:/backup/temp/screenly.db"></property> 
        <property name="initialSize" value="2" />
        <property name="maxIdle" value="5" />
        <property name="poolPreparedStatements" value="true" />
    </bean> 
	 
	<bean id="jdbcTemplate" class="org.springframework.jdbc.core.JdbcTemplate"> 
		<property name="dataSource" ref="dataSource"></property> 
	</bean>  
	  
</beans>