<?xml version="1.0" encoding="UTF-8"?>
<beans:beans xmlns="http://www.springframework.org/schema/mvc"
    xmlns:xsi="http://www.w3.org/2001/XMLSchema-instance"
    xmlns:beans="http://www.springframework.org/schema/beans"
    xmlns:context="http://www.springframework.org/schema/context"
    xsi:schemaLocation="http://www.springframework.org/schema/mvc http://www.springframework.org/schema/mvc/spring-mvc.xsd
        http://www.springframework.org/schema/beans http://www.springframework.org/schema/beans/spring-beans.xsd
        http://www.springframework.org/schema/context http://www.springframework.org/schema/context/spring-context.xsd">
 
    <!-- Enables the Spring MVC @Controller programming model -->
    <annotation-driven />
 
 	<beans:bean id="multipartResolver" class="org.springframework.web.multipart.commons.CommonsMultipartResolver">
        <!-- one of the several properties available; the maximum file size in bytes -->
        <beans:property name="maxUploadSizePerFile" value="5242880"/>
    </beans:bean>
    
   <!-- for processing requests with annotated controller methods and set Message Convertors from the list of convertors -->
    <beans:bean class="org.springframework.web.servlet.mvc.method.annotation.RequestMappingHandlerAdapter">
        <beans:property name="messageConverters">
            <beans:list>
                <beans:ref bean="jsonMessageConverter"/>
            </beans:list>
        </beans:property>
    </beans:bean>
 
    <!-- To  convert JSON to Object and vice versa -->
    <beans:bean id="jsonMessageConverter" class="org.springframework.http.converter.json.MappingJackson2HttpMessageConverter">
    </beans:bean> 
 
    <context:component-scan base-package="com.sg.digitalsignage" />
 
</beans:beans>