<?xml version="1.0" encoding="UTF-8"?>
<beans xmlns="http://www.springframework.org/schema/beans" 
    xmlns:xsi="http://www.w3.org/2001/XMLSchema-instance" 
    xmlns:p="http://www.springframework.org/schema/p" 
    xmlns:context="http://www.springframework.org/schema/context" 
    xsi:schemaLocation="http://www.springframework.org/schema/beans 
http://www.springframework.org/schema/beans/spring-beans-4.2.xsd
http://www.springframework.org/schema/context 
http://www.springframework.org/schema/context/spring-context-4.2.xsd">

	<!-- Specifying base package of the Components like Controller, Service, DAO -->
	<context:component-scan base-package="com.sg.digitalsignage" />

	<!-- Getting Database properties -->
	<!-- <context:property-placeholder location="classpath:application.properties" /> -->

	<!-- <mvc:annotation-driven /> -->
  

	<!-- Specifying the Resource location to load JS, CSS, Images etc -->
	<!-- <mvc:resources mapping="/resources/**" location="/resources/" /> -->

	<!-- View Resolver -->
	<bean class="org.springframework.web.servlet.view.InternalResourceViewResolver">
		<property name="prefix" value="/WEB-INF/pages/" />
		<property name="suffix" value=".jsp" />
	</bean>


	<!-- <context:property-placeholder 
	  location="classpath:META-INF/spring/hibernate.properties"/>
	 -->
	 <!-- <bean id="dataSource" class="org.apache.commons.dbcp2.BasicDataSource"> 
        <property name="driverClassName"  value="org.sqlite.JDBC"></property> 
        <property name="url" value="jdbc:sqlite:C:/backup/temp/screenly.db"></property> 
        <property name="initialSize" value="2" />
        <property name="maxIdle" value="5" />
        <property name="poolPreparedStatements" value="true" />
    </bean> 
	 
	<bean id="jdbcTemplate" class="org.springframework.jdbc.core.JdbcTemplate"> 
		<property name="dataSource" ref="dataSource"></property> 
	</bean>  -->
	 
</beans>